,betrayal,victim_msgs,betrayer_msgs,victim_sentences,betrayer_sentences,victim_words,betrayer_words,victim_words_per_msg,betrayer_words_per_msg,victim_reqs,betrayer_reqs,victim_avg_polite,betrayer_avg_polite,victim_neg_perc,betrayer_neg_perc,victim_neu_perc,betrayer_neu_perc,victim_pos_perc,betrayer_pos_perc
0,True,20,30,112,108,1451,2104,72.55,70.13333333333334,39,83,0.670066589130269,0.730269174311443,0.5446428571428571,0.2767857142857143,0.17857142857142858,0.4722222222222222,0.2962962962962963,0.23148148148148148
1,False,5,8,12,11,112,101,22.4,12.625,4,6,0.49384072774970367,0.46468571044989637,0.4166666666666667,0.5,0.08333333333333333,0.6363636363636364,0.36363636363636365,0.0
2,False,10,11,21,27,368,687,36.8,62.45454545454545,9,12,0.4132161904538698,0.5429052625225279,0.5714285714285714,0.3333333333333333,0.09523809523809523,0.6666666666666666,0.2222222222222222,0.1111111111111111
3,False,13,8,79,42,1552,802,119.38461538461539,100.25,54,28,0.6968929633161616,0.6003064168373666,0.569620253164557,0.20253164556962025,0.22784810126582278,0.5952380952380952,0.23809523809523808,0.16666666666666666
4,False,6,9,21,29,234,344,39.0,38.22222222222222,18,13,0.5543723641147817,0.6631112486750091,0.42857142857142855,0.3333333333333333,0.23809523809523808,0.3448275862068966,0.41379310344827586,0.2413793103448276
5,True,17,20,108,121,1489,1697,87.58823529411765,84.85,53,46,0.6450014967610231,0.6830751302449467,0.46296296296296297,0.3333333333333333,0.2037037037037037,0.4462809917355372,0.2727272727272727,0.2809917355371901
6,False,3,4,13,17,170,156,56.666666666666664,39.0,5,8,0.5663843994735144,0.677558399811389,0.6153846153846154,0.38461538461538464,0.0,0.23529411764705882,0.6470588235294118,0.11764705882352941
7,False,1,2,3,4,19,28,19.0,14.0,1,1,0.43143179007859506,0.5406230754282861,0.0,0.0,1.0,0.0,0.75,0.25
8,True,4,9,8,25,47,236,11.75,26.22222222222222,3,12,0.5143935826049812,0.5863137286285202,0.125,0.5,0.375,0.4,0.36,0.24
9,True,6,4,11,12,133,121,22.166666666666668,30.25,10,5,0.5525831917611819,0.5984400568044063,0.2727272727272727,0.7272727272727273,0.0,0.5,0.25,0.25
10,True,5,5,26,17,286,209,57.2,41.8,8,10,0.576615306320515,0.5649960624612375,0.4230769230769231,0.4230769230769231,0.15384615384615385,0.5294117647058824,0.35294117647058826,0.11764705882352941
11,False,7,5,34,8,547,147,78.14285714285714,29.4,13,4,0.6035164557513474,0.5241240142944392,0.5588235294117647,0.29411764705882354,0.14705882352941177,0.75,0.125,0.125
12,False,14,32,71,222,834,2741,59.57142857142857,85.65625,32,106,0.6268175658027486,0.5777851554394001,0.6056338028169014,0.2535211267605634,0.14084507042253522,0.4864864864864865,0.36936936936936937,0.14414414414414414
13,True,5,2,71,4,1427,57,285.4,28.5,35,2,0.832871389320802,0.6919852374209241,0.647887323943662,0.16901408450704225,0.18309859154929578,0.5,0.0,0.5
14,False,17,15,269,147,3405,2016,200.2941176470588,134.4,114,71,0.8423513888022658,0.7019057856919285,0.5055762081784386,0.30111524163568776,0.19330855018587362,0.48299319727891155,0.2108843537414966,0.30612244897959184
15,False,8,4,20,26,389,501,48.625,125.25,13,16,0.6455644326605976,0.6526959396716928,0.65,0.2,0.15,0.46153846153846156,0.2692307692307692,0.2692307692307692
16,True,3,2,10,5,135,50,45.0,25.0,5,2,0.7565349823329454,0.6577429226978191,0.4,0.5,0.1,0.4,0.4,0.2
17,True,14,18,31,102,440,994,31.428571428571427,55.22222222222222,17,57,0.6749561501772251,0.7522404127976402,0.5806451612903226,0.2903225806451613,0.12903225806451613,0.3333333333333333,0.47058823529411764,0.19607843137254902
18,True,8,10,26,70,402,1280,50.25,128.0,16,39,0.5312055271801072,0.7996818033930353,0.5769230769230769,0.2692307692307692,0.15384615384615385,0.6,0.24285714285714285,0.15714285714285714
19,False,5,9,23,21,265,252,53.0,28.0,16,10,0.5401664503365534,0.7654512192561049,0.4782608695652174,0.34782608695652173,0.17391304347826086,0.6190476190476191,0.14285714285714285,0.23809523809523808
20,True,8,9,94,96,1297,1221,162.125,135.66666666666666,57,34,0.6287722529823268,0.7759767388390553,0.5,0.2765957446808511,0.22340425531914893,0.4895833333333333,0.3125,0.19791666666666666
21,True,8,7,29,49,215,623,26.875,89.0,10,23,0.43960534179797567,0.820023157960749,0.27586206896551724,0.6896551724137931,0.034482758620689655,0.5102040816326531,0.2653061224489796,0.22448979591836735
22,True,7,4,58,18,818,282,116.85714285714286,70.5,26,9,0.6130151467843076,0.4818146489954722,0.5172413793103449,0.25862068965517243,0.22413793103448276,0.5555555555555556,0.3333333333333333,0.1111111111111111
23,False,9,7,51,26,827,392,91.88888888888889,56.0,26,13,0.6940188137233998,0.7326738846071871,0.5294117647058824,0.3333333333333333,0.13725490196078433,0.46153846153846156,0.19230769230769232,0.34615384615384615
24,True,11,1,110,1,1668,3,151.63636363636363,3.0,64,0,0.7401963343597436,0.357314697105144,0.5909090909090909,0.3090909090909091,0.1,0.0,1.0,0.0
25,False,14,9,67,47,737,622,52.642857142857146,69.11111111111111,22,17,0.6730016730160128,0.8633339668722537,0.31343283582089554,0.5671641791044776,0.11940298507462686,0.46808510638297873,0.425531914893617,0.10638297872340426
26,True,11,18,43,73,635,1066,57.72727272727273,59.22222222222222,29,32,0.5900618047207753,0.6683441082751818,0.46511627906976744,0.27906976744186046,0.2558139534883721,0.4931506849315068,0.3013698630136986,0.2054794520547945
27,True,3,4,8,12,99,127,33.0,31.75,2,3,0.5251751440140047,0.5162472188497891,0.625,0.375,0.0,0.5,0.3333333333333333,0.16666666666666666
28,True,13,11,78,50,1051,595,80.84615384615384,54.09090909090909,30,25,0.6515128230409757,0.5537085249816989,0.5512820512820513,0.3717948717948718,0.07692307692307693,0.44,0.36,0.2
29,False,6,4,39,22,631,334,105.16666666666667,83.5,22,5,0.8009187498878635,0.4594428746959788,0.6923076923076923,0.1794871794871795,0.1282051282051282,0.6818181818181818,0.22727272727272727,0.09090909090909091
30,False,11,9,49,64,454,1200,41.27272727272727,133.33333333333334,16,38,0.6396144199079324,0.792303466888125,0.3673469387755102,0.3469387755102041,0.2857142857142857,0.6875,0.125,0.1875
31,False,9,12,58,90,1004,1295,111.55555555555556,107.91666666666667,36,35,0.5951412284413267,0.5343417798885064,0.46551724137931033,0.4827586206896552,0.05172413793103448,0.5111111111111111,0.3,0.18888888888888888
32,False,5,4,9,17,149,193,29.8,48.25,8,10,0.6692586042740228,0.661430205256881,0.2222222222222222,0.6666666666666666,0.1111111111111111,0.5294117647058824,0.35294117647058826,0.11764705882352941
33,False,15,10,91,36,1815,691,121.0,69.1,48,17,0.5430884289618088,0.6568451093834827,0.7472527472527473,0.15384615384615385,0.0989010989010989,0.5277777777777778,0.25,0.2222222222222222
34,True,7,8,31,65,411,908,58.714285714285715,113.5,21,25,0.5383502458412893,0.7446823783748543,0.4838709677419355,0.41935483870967744,0.0967741935483871,0.4307692307692308,0.23076923076923078,0.3384615384615385
35,False,12,12,41,88,449,1102,37.416666666666664,91.83333333333333,24,40,0.6042335023976574,0.7875545463938511,0.43902439024390244,0.34146341463414637,0.21951219512195122,0.5,0.3977272727272727,0.10227272727272728
36,True,9,6,45,39,558,528,62.0,88.0,27,19,0.5557309177713656,0.6860689867911768,0.4444444444444444,0.3333333333333333,0.2222222222222222,0.4358974358974359,0.4358974358974359,0.1282051282051282
37,False,10,8,27,30,267,298,26.7,37.25,11,7,0.481930588461728,0.7679224026910371,0.4074074074074074,0.4444444444444444,0.14814814814814814,0.26666666666666666,0.5666666666666667,0.16666666666666666
38,True,7,2,43,14,748,131,106.85714285714286,65.5,27,7,0.8826902441416186,0.8199739631406191,0.4883720930232558,0.3488372093023256,0.16279069767441862,0.42857142857142855,0.5,0.07142857142857142
39,True,20,18,145,79,2033,1265,101.65,70.27777777777777,70,34,0.6597767137100934,0.5878206881874131,0.5241379310344828,0.3310344827586207,0.14482758620689656,0.5443037974683544,0.26582278481012656,0.189873417721519
40,True,3,9,5,50,56,579,18.666666666666668,64.33333333333333,1,21,0.5291178015143294,0.6062699325620841,0.4,0.4,0.2,0.58,0.34,0.08
41,True,5,4,20,17,199,229,39.8,57.25,6,8,0.4841769876467719,0.7854305841683651,0.25,0.55,0.2,0.47058823529411764,0.17647058823529413,0.35294117647058826
42,False,83,92,423,497,6606,6897,79.59036144578313,74.96739130434783,206,259,0.5625555365638798,0.4470922479749819,0.4657210401891253,0.36879432624113473,0.16548463356973994,0.4346076458752515,0.42857142857142855,0.13682092555331993
43,False,8,19,34,90,636,1475,79.5,77.63157894736842,17,54,0.8212597284210019,0.7452009956855667,0.7058823529411765,0.08823529411764706,0.20588235294117646,0.5555555555555556,0.1111111111111111,0.3333333333333333
44,True,2,7,17,27,194,370,97.0,52.857142857142854,7,16,0.9214438596757781,0.5924205555951819,0.35294117647058826,0.5294117647058824,0.11764705882352941,0.6296296296296297,0.18518518518518517,0.18518518518518517
45,False,2,2,2,8,26,123,13.0,61.5,1,3,0.2935919951137365,0.563539183171744,0.5,0.5,0.0,0.5,0.25,0.25
46,True,9,8,35,16,483,161,53.666666666666664,20.125,20,6,0.5767412691950038,0.5434782517682193,0.5428571428571428,0.2857142857142857,0.17142857142857143,0.3125,0.3125,0.375
47,True,0,15,0,78,0,816,0.0,54.4,0,34,0.0,0.5836178108146604,0.0,0.0,0.0,0.3717948717948718,0.44871794871794873,0.1794871794871795
48,True,6,9,11,32,176,458,29.333333333333332,50.888888888888886,0,3,0.46727822682440506,0.3614682568813119,0.6363636363636364,0.36363636363636365,0.0,0.71875,0.28125,0.0
49,True,9,9,33,44,726,989,80.66666666666667,109.88888888888889,19,18,0.5962531188103953,0.6806055153742546,0.6666666666666666,0.18181818181818182,0.15151515151515152,0.6818181818181818,0.20454545454545456,0.11363636363636363
50,False,9,23,23,134,453,2006,50.333333333333336,87.21739130434783,14,86,0.774632718630992,0.7905840571312974,0.5652173913043478,0.08695652173913043,0.34782608695652173,0.5373134328358209,0.34328358208955223,0.11940298507462686
51,True,3,0,45,0,651,0,217.0,0.0,18,0,0.9371841157626998,0.0,0.4666666666666667,0.3111111111111111,0.2222222222222222,0.0,0.0,0.0
52,False,1,6,2,28,22,261,22.0,43.5,1,8,0.544439102466033,0.7198824610685589,0.0,1.0,0.0,0.42857142857142855,0.4642857142857143,0.10714285714285714
53,True,13,14,138,131,1988,2448,152.92307692307693,174.85714285714286,52,77,0.7677710374863749,0.6053595571825395,0.5797101449275363,0.3188405797101449,0.10144927536231885,0.6259541984732825,0.21374045801526717,0.16030534351145037
54,False,15,19,41,169,604,2894,40.266666666666666,152.31578947368422,26,82,0.6431453246295432,0.7219692818470286,0.5365853658536586,0.1951219512195122,0.2682926829268293,0.4260355029585799,0.2603550295857988,0.3136094674556213
55,False,20,18,70,109,1271,1503,63.55,83.5,41,44,0.6579365104180266,0.766108905527837,0.5857142857142857,0.24285714285714285,0.17142857142857143,0.42201834862385323,0.45871559633027525,0.11926605504587157
56,False,8,8,46,88,873,1214,109.125,151.75,31,53,0.7082406099899127,0.6103840540929395,0.5869565217391305,0.2608695652173913,0.15217391304347827,0.5454545454545454,0.32954545454545453,0.125
57,False,18,13,102,80,1261,1370,70.05555555555556,105.38461538461539,39,40,0.6263327776682336,0.7240577112163533,0.43137254901960786,0.4215686274509804,0.14705882352941177,0.5375,0.1375,0.325
58,True,15,13,64,69,1018,925,67.86666666666666,71.15384615384616,39,38,0.6506353000071178,0.6237168209258681,0.671875,0.171875,0.15625,0.391304347826087,0.4057971014492754,0.2028985507246377
59,True,23,15,105,70,1300,935,56.52173913043478,62.333333333333336,54,31,0.8025886376813267,0.7775467391461889,0.5238095238095238,0.3238095238095238,0.1523809523809524,0.4142857142857143,0.37142857142857144,0.21428571428571427
60,False,3,4,12,13,127,133,42.333333333333336,33.25,6,8,0.681983816594408,0.6010139441769293,0.5833333333333334,0.4166666666666667,0.0,0.38461538461538464,0.38461538461538464,0.23076923076923078
61,False,12,17,33,58,301,884,25.083333333333332,52.0,13,31,0.4887935202398342,0.7273426853681878,0.5151515151515151,0.42424242424242425,0.06060606060606061,0.6206896551724138,0.15517241379310345,0.22413793103448276
62,True,31,33,318,241,6034,2855,194.6451612903226,86.51515151515152,139,115,0.8343578757470124,0.6734948759823433,0.5094339622641509,0.2578616352201258,0.23270440251572327,0.43568464730290457,0.3651452282157676,0.1991701244813278
63,True,43,36,674,246,14834,4849,344.9767441860465,134.69444444444446,365,145,0.8532931644233668,0.7647589945075848,0.6320474777448071,0.20474777448071216,0.1632047477744807,0.5813008130081301,0.2073170731707317,0.21138211382113822
64,False,3,2,26,5,512,70,170.66666666666666,35.0,14,0,0.7688503063189221,0.6677123336250625,0.7307692307692307,0.15384615384615385,0.11538461538461539,0.4,0.6,0.0
65,False,0,1,0,4,0,49,0.0,49.0,0,1,0.0,0.38173271955973404,0.0,0.0,0.0,0.75,0.0,0.25
66,True,3,5,8,9,84,116,28.0,23.2,5,6,0.5622615595993651,0.6275638415046607,0.625,0.125,0.25,0.6666666666666666,0.3333333333333333,0.0
67,False,3,11,19,97,362,1177,120.66666666666667,107.0,9,36,0.871048019711333,0.6226321898288024,0.5789473684210527,0.3157894736842105,0.10526315789473684,0.5670103092783505,0.23711340206185566,0.1958762886597938
68,False,4,6,15,16,176,237,44.0,39.5,6,8,0.5853926679406709,0.5776472384239364,0.4666666666666667,0.3333333333333333,0.2,0.4375,0.4375,0.125
69,True,22,29,148,289,2329,5105,105.86363636363636,176.0344827586207,72,177,0.7091830514333743,0.758526426375547,0.5540540540540541,0.31756756756756754,0.12837837837837837,0.5570934256055363,0.2768166089965398,0.16608996539792387
70,False,1,1,4,1,22,3,22.0,3.0,2,0,0.505079209566209,0.384264010342702,0.25,0.5,0.25,0.0,1.0,0.0
71,False,7,14,22,44,494,1192,70.57142857142857,85.14285714285714,10,15,0.46725662822671465,0.4288018627914549,0.6818181818181818,0.22727272727272727,0.09090909090909091,0.6818181818181818,0.22727272727272727,0.09090909090909091
72,False,7,6,40,24,452,261,64.57142857142857,43.5,13,9,0.6855788111776008,0.5927657804014372,0.4,0.425,0.175,0.4166666666666667,0.375,0.20833333333333334
73,False,11,6,53,54,631,829,57.36363636363637,138.16666666666666,24,36,0.6578526420124142,0.7321458737558596,0.4716981132075472,0.39622641509433965,0.1320754716981132,0.6111111111111112,0.2222222222222222,0.16666666666666666
74,True,10,7,38,44,377,535,37.7,76.42857142857143,14,26,0.49782714699405695,0.7159265373845507,0.2894736842105263,0.6052631578947368,0.10526315789473684,0.36363636363636365,0.45454545454545453,0.18181818181818182
75,False,5,3,20,4,229,35,45.8,11.666666666666666,11,3,0.7072214255708668,0.43601524059679475,0.55,0.35,0.1,1.0,0.0,0.0
76,True,13,9,105,64,1591,640,122.38461538461539,71.11111111111111,64,23,0.7631786086031738,0.6956509527243115,0.49523809523809526,0.24761904761904763,0.2571428571428571,0.390625,0.4375,0.171875
77,True,9,10,74,58,1294,736,143.77777777777777,73.6,37,20,0.8082211012390429,0.7366382763533976,0.581081081081081,0.25675675675675674,0.16216216216216217,0.5172413793103449,0.3620689655172414,0.1206896551724138
78,False,15,20,34,108,423,1264,28.2,63.2,14,62,0.5610353770468564,0.6021958899833988,0.47058823529411764,0.4117647058823529,0.11764705882352941,0.42592592592592593,0.3333333333333333,0.24074074074074073
79,False,5,9,32,41,374,692,74.8,76.88888888888889,13,25,0.9309090950884957,0.7141905899026965,0.53125,0.46875,0.0,0.6341463414634146,0.2926829268292683,0.07317073170731707
80,True,1,0,2,0,19,0,19.0,0.0,1,0,0.646714134960193,0.0,0.0,0.5,0.5,0.0,0.0,0.0
81,True,4,8,9,48,199,499,49.75,62.375,4,18,0.604210953451096,0.7618150004709847,0.5555555555555556,0.3333333333333333,0.1111111111111111,0.2916666666666667,0.5625,0.14583333333333334
82,False,8,2,17,4,112,46,14.0,23.0,4,1,0.3915337445487555,0.383947504641036,0.4117647058823529,0.5882352941176471,0.0,0.5,0.5,0.0
83,False,13,10,109,82,1526,1147,117.38461538461539,114.7,38,50,0.7422029289755455,0.600556229335751,0.5688073394495413,0.23853211009174313,0.1926605504587156,0.45121951219512196,0.4268292682926829,0.12195121951219512
84,True,10,9,18,30,174,465,17.4,51.666666666666664,4,13,0.46759402211451573,0.6030464802269249,0.3888888888888889,0.5,0.1111111111111111,0.4,0.3333333333333333,0.26666666666666666
85,True,11,8,46,62,501,644,45.54545454545455,80.5,25,20,0.7456143221634414,0.7056507544916714,0.43478260869565216,0.2826086956521739,0.2826086956521739,0.4838709677419355,0.3225806451612903,0.1935483870967742
86,True,11,16,98,109,1186,1436,107.81818181818181,89.75,36,60,0.7584214240831422,0.6453480569744102,0.4489795918367347,0.3877551020408163,0.16326530612244897,0.44954128440366975,0.3486238532110092,0.2018348623853211
87,True,6,9,19,18,163,158,27.166666666666668,17.555555555555557,11,8,0.5852246310208195,0.637336559178261,0.42105263157894735,0.47368421052631576,0.10526315789473684,0.3888888888888889,0.4444444444444444,0.16666666666666666
88,False,8,8,89,45,1259,620,157.375,77.5,56,24,0.6296483563446962,0.7325006808283605,0.47191011235955055,0.38202247191011235,0.14606741573033707,0.4222222222222222,0.4666666666666667,0.1111111111111111
89,True,10,14,22,42,249,347,24.9,24.785714285714285,7,16,0.5640077548395106,0.5113922694055894,0.45454545454545453,0.36363636363636365,0.18181818181818182,0.21428571428571427,0.6904761904761905,0.09523809523809523
90,False,0,1,0,1,0,12,0.0,12.0,0,1,0.0,0.614046882028449,0.0,0.0,0.0,0.0,1.0,0.0
91,False,18,20,78,73,1180,1063,65.55555555555556,53.15,40,34,0.5961207529189162,0.5721195015109763,0.6282051282051282,0.16666666666666666,0.20512820512820512,0.6575342465753424,0.2602739726027397,0.0821917808219178
92,True,9,16,14,45,127,496,14.11111111111111,31.0,5,26,0.5176088833942403,0.5901517448122424,0.42857142857142855,0.35714285714285715,0.21428571428571427,0.4888888888888889,0.37777777777777777,0.13333333333333333
93,False,13,13,23,30,265,221,20.384615384615383,17.0,13,10,0.5499199604088127,0.5450392493352998,0.391304347826087,0.2608695652173913,0.34782608695652173,0.3,0.6333333333333333,0.06666666666666667
94,True,14,10,42,22,347,249,24.785714285714285,24.9,16,7,0.5113922694055894,0.5640077548395107,0.21428571428571427,0.6904761904761905,0.09523809523809523,0.45454545454545453,0.36363636363636365,0.18181818181818182
95,True,22,27,225,159,3907,2181,177.5909090909091,80.77777777777777,130,70,0.8456192974896724,0.6911309227406077,0.56,0.23555555555555555,0.20444444444444446,0.46540880503144655,0.36477987421383645,0.16981132075471697
96,True,16,20,161,136,3637,2022,227.3125,101.1,95,63,0.7936962846545991,0.8766344295624426,0.5714285714285714,0.2236024844720497,0.20496894409937888,0.5588235294117647,0.17647058823529413,0.2647058823529412
97,False,3,4,3,26,66,339,22.0,84.75,2,14,0.5645695726168364,0.6077750784045876,1.0,0.0,0.0,0.6153846153846154,0.34615384615384615,0.038461538461538464
98,False,11,13,42,57,419,687,38.09090909090909,52.84615384615385,22,24,0.6394655233783108,0.7149246723549716,0.40476190476190477,0.4523809523809524,0.14285714285714285,0.5789473684210527,0.2807017543859649,0.14035087719298245
99,True,3,2,9,9,102,91,34.0,45.5,5,1,0.6828755700824555,0.5091321756043996,0.1111111111111111,0.7777777777777778,0.1111111111111111,0.2222222222222222,0.4444444444444444,0.3333333333333333
100,True,1,2,5,4,116,71,116.0,35.5,4,3,0.8260384320760941,0.3014239730044965,0.8,0.2,0.0,1.0,0.0,0.0
101,True,3,6,146,37,2004,572,668.0,95.33333333333333,56,19,0.7099943085604922,0.7371829577516863,0.5,0.3287671232876712,0.17123287671232876,0.5135135135135135,0.32432432432432434,0.16216216216216217
102,False,7,7,47,75,657,1302,93.85714285714286,186.0,28,30,0.6927700161558377,0.7651053983660621,0.574468085106383,0.23404255319148937,0.19148936170212766,0.6266666666666667,0.30666666666666664,0.06666666666666667
103,True,3,1,6,2,86,26,28.666666666666668,26.0,4,1,0.6769798181757634,0.724043166572898,0.16666666666666666,0.3333333333333333,0.5,1.0,0.0,0.0
104,True,7,4,24,37,250,455,35.714285714285715,113.75,10,27,0.6075551946717848,0.8511186724012259,0.20833333333333334,0.5833333333333334,0.20833333333333334,0.5135135135135135,0.35135135135135137,0.13513513513513514
105,False,26,17,116,80,2118,1263,81.46153846153847,74.29411764705883,75,43,0.7786248904811692,0.7102840278977823,0.646551724137931,0.1896551724137931,0.16379310344827586,0.575,0.2625,0.1625
106,False,5,3,16,10,204,140,40.8,46.666666666666664,5,7,0.7081792262297659,0.6842261530246151,0.4375,0.5,0.0625,0.6,0.3,0.1
107,True,1,3,2,6,26,86,26.0,28.666666666666668,1,4,0.724043166572898,0.6769798181757634,1.0,0.0,0.0,0.16666666666666666,0.3333333333333333,0.5
108,False,10,10,28,33,250,553,25.0,55.3,8,21,0.7713915048748822,0.6552344726523791,0.42857142857142855,0.14285714285714285,0.42857142857142855,0.36363636363636365,0.3333333333333333,0.30303030303030304
109,True,10,12,56,75,811,1048,81.1,87.33333333333333,34,51,0.8158196829055525,0.7609489078262123,0.4642857142857143,0.2857142857142857,0.25,0.48,0.36,0.16
110,False,17,23,86,97,1234,1773,72.58823529411765,77.08695652173913,48,54,0.7266141242378711,0.7564404426694833,0.4418604651162791,0.3488372093023256,0.20930232558139536,0.5567010309278351,0.12371134020618557,0.31958762886597936
111,False,3,0,9,0,108,0,36.0,0.0,5,0,0.35968562417420075,0.0,0.4444444444444444,0.5555555555555556,0.0,0.0,0.0,0.0
112,False,5,4,28,10,367,95,73.4,23.75,16,3,0.6972398532838693,0.6651046950114401,0.5357142857142857,0.2857142857142857,0.17857142857142858,0.4,0.3,0.3
113,False,7,2,41,2,541,17,77.28571428571429,8.5,24,2,0.5402835912212475,0.39206939446912403,0.34146341463414637,0.5853658536585366,0.07317073170731707,0.0,1.0,0.0
114,False,6,11,23,90,378,1213,63.0,110.27272727272727,11,39,0.539322741127346,0.6084699695662813,0.43478260869565216,0.4782608695652174,0.08695652173913043,0.5111111111111111,0.25555555555555554,0.23333333333333334
115,True,3,12,6,62,101,999,33.666666666666664,83.25,3,30,0.7266528729993786,0.8493101613616729,0.6666666666666666,0.16666666666666666,0.16666666666666666,0.5,0.25806451612903225,0.24193548387096775
116,True,11,17,66,93,766,1214,69.63636363636364,71.41176470588235,24,34,0.8041147492684576,0.7206946011594608,0.30303030303030304,0.4090909090909091,0.2878787878787879,0.4731182795698925,0.34408602150537637,0.1827956989247312
117,True,9,13,64,105,640,1591,71.11111111111111,122.38461538461539,23,64,0.6956509527243115,0.7631786086031739,0.390625,0.4375,0.171875,0.49523809523809526,0.24761904761904763,0.2571428571428571
118,True,19,16,186,115,3432,2180,180.6315789473684,136.25,90,63,0.786777161417177,0.6639034573781946,0.543010752688172,0.3064516129032258,0.15053763440860216,0.5130434782608696,0.17391304347826086,0.3130434782608696
119,True,10,18,55,91,553,1024,55.3,56.888888888888886,14,38,0.5668343507756228,0.5934094508215716,0.41818181818181815,0.43636363636363634,0.14545454545454545,0.5054945054945055,0.3516483516483517,0.14285714285714285
120,False,6,12,99,87,1991,1100,331.8333333333333,91.66666666666667,36,43,0.7193483456974964,0.5268008448056777,0.5252525252525253,0.24242424242424243,0.23232323232323232,0.5747126436781609,0.3333333333333333,0.09195402298850575
121,True,1,2,2,5,5,41,5.0,20.5,0,3,0.49105122109104304,0.6196963093940321,0.0,0.5,0.5,0.4,0.2,0.4
122,False,21,15,141,70,2121,784,101.0,52.266666666666666,72,26,0.6686775100507232,0.6788278485019742,0.46808510638297873,0.3829787234042553,0.14893617021276595,0.42857142857142855,0.4,0.17142857142857143
123,False,14,8,97,72,1683,1203,120.21428571428571,150.375,53,39,0.7551771635208754,0.730191389030402,0.5154639175257731,0.3402061855670103,0.14432989690721648,0.5972222222222222,0.2777777777777778,0.125
124,True,2,5,2,12,41,162,20.5,32.4,2,9,0.4155845539009271,0.5011710842857602,1.0,0.0,0.0,0.6666666666666666,0.0,0.3333333333333333
125,True,8,4,15,7,158,61,19.75,15.25,14,6,0.5770794646617359,0.4825121213154102,0.26666666666666666,0.6,0.13333333333333333,0.0,0.7142857142857143,0.2857142857142857
126,False,13,14,60,64,770,720,59.23076923076923,51.42857142857143,30,18,0.768260079939024,0.6554347765129659,0.43333333333333335,0.4666666666666667,0.1,0.4375,0.359375,0.203125
127,True,11,17,103,85,1362,819,123.81818181818181,48.1764705882353,43,35,0.7172105768256567,0.5519029664711875,0.47572815533980584,0.3592233009708738,0.1650485436893204,0.32941176470588235,0.49411764705882355,0.17647058823529413
128,False,4,5,9,12,96,263,24.0,52.6,4,5,0.6077463219684393,0.39230252310111907,0.3333333333333333,0.5555555555555556,0.1111111111111111,0.8333333333333334,0.16666666666666666,0.0
129,True,1,4,2,18,51,212,51.0,53.0,0,7,0.730601731803315,0.6965648728371449,1.0,0.0,0.0,0.5,0.3333333333333333,0.16666666666666666
130,True,1,11,1,110,3,1668,3.0,151.63636363636363,0,64,0.357314697105144,0.7401963343597436,0.0,1.0,0.0,0.5909090909090909,0.3090909090909091,0.1
131,True,4,5,11,55,223,587,55.75,117.4,5,23,0.7430373348476879,0.6818145973043107,0.6363636363636364,0.2727272727272727,0.09090909090909091,0.5272727272727272,0.32727272727272727,0.14545454545454545
132,False,23,29,138,143,2080,2502,90.43478260869566,86.27586206896552,77,87,0.787345395445168,0.693285951675654,0.5507246376811594,0.3333333333333333,0.11594202898550725,0.4825174825174825,0.38461538461538464,0.13286713286713286
133,False,8,20,26,43,338,558,42.25,27.9,18,17,0.693802825360078,0.5734119940943933,0.5384615384615384,0.23076923076923078,0.23076923076923078,0.5348837209302325,0.37209302325581395,0.09302325581395349
134,True,2,4,7,12,142,139,71.0,34.75,3,5,0.6700290774630935,0.8651489413492328,0.7142857142857143,0.0,0.2857142857142857,0.3333333333333333,0.3333333333333333,0.3333333333333333
135,True,36,43,246,674,4849,14834,134.69444444444446,344.9767441860465,145,365,0.7647589945075848,0.8532931644233668,0.5813008130081301,0.2073170731707317,0.21138211382113822,0.6320474777448071,0.20474777448071216,0.1632047477744807
136,False,3,3,3,17,44,297,14.666666666666666,99.0,2,10,0.4521842210197687,0.9024302945408381,0.3333333333333333,0.6666666666666666,0.0,0.4117647058823529,0.5294117647058824,0.058823529411764705
137,True,0,1,0,4,0,31,0.0,31.0,0,1,0.0,0.48491269851681806,0.0,0.0,0.0,0.25,0.75,0.0
138,True,9,7,35,45,387,743,43.0,106.14285714285714,18,26,0.6417850033362943,0.7059374921311562,0.2857142857142857,0.5714285714285714,0.14285714285714285,0.6888888888888889,0.2,0.1111111111111111
139,False,32,20,315,62,4718,942,147.4375,47.1,186,27,0.8090614348361382,0.608536697543818,0.5333333333333333,0.22857142857142856,0.23809523809523808,0.6129032258064516,0.20967741935483872,0.1774193548387097
140,False,5,3,20,14,282,228,56.4,76.0,8,9,0.5309981831885231,0.7700091386761341,0.6,0.2,0.2,0.5714285714285714,0.2857142857142857,0.14285714285714285
141,False,2,2,11,12,161,164,80.5,82.0,2,0,0.6881361381287691,0.6187905541669505,0.6363636363636364,0.36363636363636365,0.0,0.3333333333333333,0.3333333333333333,0.3333333333333333
142,False,6,15,44,207,829,2615,138.16666666666666,174.33333333333334,33,76,0.803972353853971,0.7854426074361164,0.5227272727272727,0.29545454545454547,0.18181818181818182,0.5120772946859904,0.30917874396135264,0.178743961352657
143,True,4,2,21,7,245,75,61.25,37.5,9,4,0.7279518015189376,0.5744559638164186,0.42857142857142855,0.42857142857142855,0.14285714285714285,0.5714285714285714,0.14285714285714285,0.2857142857142857
144,False,3,0,4,0,114,0,38.0,0.0,1,0,0.5088618021942967,0.0,0.75,0.25,0.0,0.0,0.0,0.0
145,True,3,5,35,30,561,435,187.0,87.0,16,19,0.5397741221184694,0.6224779820536369,0.5428571428571428,0.3142857142857143,0.14285714285714285,0.4666666666666667,0.26666666666666666,0.26666666666666666
146,False,4,4,10,13,86,117,21.5,29.25,5,4,0.6828840564430457,0.635168839964195,0.2,0.6,0.2,0.3076923076923077,0.46153846153846156,0.23076923076923078
147,False,9,4,55,18,656,355,72.88888888888889,88.75,23,2,0.5531954208214971,0.9323692436282103,0.5818181818181818,0.2909090909090909,0.12727272727272726,0.5,0.2777777777777778,0.2222222222222222
148,True,26,50,72,465,671,5223,25.807692307692307,104.46,34,202,0.5063978609959078,0.6828342533023662,0.375,0.4444444444444444,0.18055555555555555,0.443010752688172,0.4043010752688172,0.15268817204301074
149,False,22,19,124,88,1211,1316,55.04545454545455,69.26315789473684,56,45,0.6936458608163943,0.636628298713312,0.3870967741935484,0.4596774193548387,0.1532258064516129,0.48863636363636365,0.42045454545454547,0.09090909090909091
150,False,0,1,0,7,0,218,0.0,218.0,0,6,0.0,0.624327555479667,0.0,0.0,0.0,0.8571428571428571,0.14285714285714285,0.0
151,False,0,1,0,1,0,12,0.0,12.0,0,1,0.0,0.8580659427667161,0.0,0.0,0.0,0.0,1.0,0.0
152,False,11,16,20,60,302,836,27.454545454545453,52.25,14,33,0.5567275859221894,0.536901279456598,0.45,0.4,0.15,0.5166666666666667,0.45,0.03333333333333333
153,True,8,16,28,166,568,2352,71.0,147.0,13,71,0.7248124604841673,0.7124213126453092,0.75,0.14285714285714285,0.10714285714285714,0.5662650602409639,0.3072289156626506,0.12650602409638553
154,False,6,3,79,13,1236,182,206.0,60.666666666666664,27,7,0.5648875455128528,0.6306363428548907,0.620253164556962,0.22784810126582278,0.1518987341772152,0.38461538461538464,0.5384615384615384,0.07692307692307693
155,True,47,44,689,375,10586,5206,225.2340425531915,118.31818181818181,324,148,0.6205713231257246,0.6158275323758866,0.5457184325108854,0.3047895500725689,0.14949201741654572,0.5386666666666666,0.288,0.17333333333333334
156,False,17,22,160,270,2736,4069,160.94117647058823,184.95454545454547,81,124,0.807661010911184,0.7796322666891776,0.55,0.25,0.2,0.4888888888888889,0.28888888888888886,0.2222222222222222
157,False,6,3,31,18,480,283,80.0,94.33333333333333,18,9,0.6903809613951771,0.8529890730029647,0.6451612903225806,0.25806451612903225,0.0967741935483871,0.5555555555555556,0.2222222222222222,0.2222222222222222
158,False,6,3,10,5,116,42,19.333333333333332,14.0,6,3,0.42718262150115854,0.5183531558619857,0.5,0.4,0.1,0.4,0.4,0.2
159,True,3,2,7,6,49,71,16.333333333333332,35.5,1,4,0.35136375541299136,0.6200415030503835,0.42857142857142855,0.2857142857142857,0.2857142857142857,0.3333333333333333,0.3333333333333333,0.3333333333333333
160,True,3,4,11,21,174,263,58.0,65.75,7,8,0.6338227314084217,0.724999878447352,0.6363636363636364,0.36363636363636365,0.0,0.3333333333333333,0.42857142857142855,0.23809523809523808
161,True,13,39,100,276,1316,4123,101.23076923076923,105.71794871794872,39,97,0.7034223798900042,0.618675465458056,0.61,0.27,0.12,0.5833333333333334,0.3079710144927536,0.10869565217391304
162,False,5,21,32,106,380,2314,76.0,110.19047619047619,14,69,0.8289024959273075,0.7526211851302824,0.375,0.375,0.25,0.4716981132075472,0.37735849056603776,0.1509433962264151
163,True,18,22,56,100,670,1173,37.22222222222222,53.31818181818182,25,53,0.5303994329640483,0.6060442482905417,0.4642857142857143,0.44642857142857145,0.08928571428571429,0.53,0.35,0.12
164,True,8,7,65,31,908,411,113.5,58.714285714285715,25,21,0.7446823783748543,0.5383502458412893,0.4307692307692308,0.23076923076923078,0.3384615384615385,0.4838709677419355,0.41935483870967744,0.0967741935483871
165,True,16,11,90,26,1437,512,89.8125,46.54545454545455,56,15,0.7584692510614959,0.6129035220541461,0.4777777777777778,0.2777777777777778,0.24444444444444444,0.6923076923076923,0.19230769230769232,0.11538461538461539
166,False,5,5,15,27,196,438,39.2,87.6,3,12,0.5653398278503746,0.7163075821152171,0.4666666666666667,0.2,0.3333333333333333,0.37037037037037035,0.3333333333333333,0.2962962962962963
167,False,9,11,36,48,406,577,45.111111111111114,52.45454545454545,23,23,0.7301311561380754,0.7277739259144387,0.3333333333333333,0.25,0.4166666666666667,0.3958333333333333,0.4375,0.16666666666666666
168,True,20,18,122,88,1860,1115,93.0,61.94444444444444,46,33,0.7291622549981465,0.728275423216513,0.5491803278688525,0.3524590163934426,0.09836065573770492,0.4318181818181818,0.42045454545454547,0.14772727272727273
169,False,3,5,7,14,97,165,32.333333333333336,33.0,4,9,0.6541557757166957,0.6504500380615557,0.7142857142857143,0.2857142857142857,0.0,0.42857142857142855,0.35714285714285715,0.21428571428571427
170,True,1,10,3,114,92,1643,92.0,164.3,1,61,0.8954944597565401,0.7840550597303697,1.0,0.0,0.0,0.5175438596491229,0.2807017543859649,0.20175438596491227
171,True,8,8,30,33,487,451,60.875,56.375,14,13,0.7613414898670479,0.66145885467961,0.6,0.3333333333333333,0.06666666666666667,0.48484848484848486,0.36363636363636365,0.15151515151515152
172,True,16,11,105,68,967,689,60.4375,62.63636363636363,30,38,0.682777804579412,0.606406961272934,0.38095238095238093,0.4095238095238095,0.20952380952380953,0.38235294117647056,0.4264705882352941,0.19117647058823528
173,False,25,34,167,230,2359,3195,94.36,93.97058823529412,69,101,0.681755956702704,0.6926989649213151,0.49700598802395207,0.3473053892215569,0.15568862275449102,0.4826086956521739,0.3695652173913043,0.14782608695652175
174,True,5,4,10,10,100,68,20.0,17.0,5,4,0.4257328326606684,0.47447459528091207,0.5,0.3,0.2,0.2,0.6,0.2
175,True,4,3,41,11,542,105,135.5,35.0,19,6,0.5046426219355568,0.324577865807515,0.6341463414634146,0.24390243902439024,0.12195121951219512,0.36363636363636365,0.5454545454545454,0.09090909090909091
176,True,6,6,20,16,277,181,46.166666666666664,30.166666666666668,6,12,0.5095361726984927,0.5436676914434966,0.45,0.4,0.15,0.3125,0.4375,0.25
177,False,18,20,217,262,3397,4879,188.72222222222223,243.95,123,119,0.6967886768232997,0.672788587840813,0.5207373271889401,0.2857142857142857,0.1935483870967742,0.5916030534351145,0.1984732824427481,0.2099236641221374
178,False,33,39,272,208,4516,4630,136.84848484848484,118.71794871794872,127,123,0.6998001767995942,0.6884035128575445,0.6066176470588235,0.2977941176470588,0.09558823529411764,0.6682692307692307,0.20192307692307693,0.12980769230769232
179,True,3,9,14,46,244,781,81.33333333333333,86.77777777777777,5,26,0.8078942879623817,0.7341901030387121,0.42857142857142855,0.35714285714285715,0.21428571428571427,0.5652173913043478,0.30434782608695654,0.13043478260869565
180,True,2,5,8,9,105,98,52.5,19.6,3,2,0.7656351834455336,0.5286850476491871,0.375,0.625,0.0,0.3333333333333333,0.5555555555555556,0.1111111111111111
181,False,13,8,57,76,889,1292,68.38461538461539,161.5,22,36,0.6904434958382526,0.8733999642074,0.5614035087719298,0.24561403508771928,0.19298245614035087,0.4473684210526316,0.32894736842105265,0.2236842105263158
182,True,15,12,66,65,1193,804,79.53333333333333,67.0,36,27,0.5578459887588757,0.46311572733453504,0.48484848484848486,0.3787878787878788,0.13636363636363635,0.46153846153846156,0.3384615384615385,0.2
183,False,50,52,453,497,6385,10333,127.7,198.71153846153845,254,267,0.6485877169874267,0.7653413272139981,0.5231788079470199,0.304635761589404,0.17218543046357615,0.5774647887323944,0.22736418511066397,0.19517102615694165
184,False,0,2,0,5,0,38,0.0,19.0,0,3,0.0,0.41848722981225606,0.0,0.0,0.0,0.6,0.2,0.2
185,False,7,7,10,51,398,631,56.857142857142854,90.14285714285714,4,23,0.4364316147402582,0.7200827688510628,1.0,0.0,0.0,0.5294117647058824,0.3137254901960784,0.1568627450980392
186,False,0,8,0,25,0,245,0.0,30.625,0,10,0.0,0.6623085335126104,0.0,0.0,0.0,0.4,0.36,0.24
187,True,17,11,85,103,819,1362,48.1764705882353,123.81818181818181,35,43,0.5519029664711875,0.7172105768256567,0.32941176470588235,0.49411764705882355,0.17647058823529413,0.47572815533980584,0.3592233009708738,0.1650485436893204
188,True,13,14,127,135,2385,1994,183.46153846153845,142.42857142857142,58,47,0.6988908542437647,0.6910326945781896,0.4251968503937008,0.2755905511811024,0.2992125984251969,0.5481481481481482,0.2814814814814815,0.17037037037037037
189,False,7,15,17,66,308,857,44.0,57.13333333333333,7,37,0.6317897562598648,0.6579437369529695,0.47058823529411764,0.4117647058823529,0.11764705882352941,0.5151515151515151,0.3181818181818182,0.16666666666666666
190,True,4,6,32,48,675,993,168.75,165.5,20,27,0.8238002061113033,0.7334055553606186,0.5625,0.4375,0.0,0.625,0.1875,0.1875
191,True,6,7,10,34,96,416,16.0,59.42857142857143,7,19,0.49245758141787904,0.5976276389353538,0.3,0.5,0.2,0.35294117647058826,0.4411764705882353,0.20588235294117646
192,False,69,103,598,1159,11357,23293,164.59420289855072,226.14563106796118,364,575,0.7300445163683774,0.6320562814563103,0.5702341137123745,0.2692307692307692,0.1605351170568562,0.6462467644521139,0.25798101811906815,0.09577221742881795
193,False,3,4,6,8,58,48,19.333333333333332,12.0,3,1,0.7010849552953217,0.44851556973611906,0.16666666666666666,0.6666666666666666,0.16666666666666666,0.5,0.5,0.0
194,False,4,8,7,29,56,321,14.0,40.125,3,16,0.3635731768759175,0.704708767568016,0.7142857142857143,0.2857142857142857,0.0,0.4827586206896552,0.27586206896551724,0.2413793103448276
195,False,6,2,37,5,559,82,93.16666666666667,41.0,23,0,0.8466560374558143,0.3076790381321225,0.7297297297297297,0.13513513513513514,0.13513513513513514,0.4,0.6,0.0
196,False,20,14,141,68,1939,959,96.95,68.5,62,37,0.7393863929444784,0.7706475379956007,0.3900709219858156,0.4397163120567376,0.1702127659574468,0.5147058823529411,0.3382352941176471,0.14705882352941177
197,True,1,2,10,12,146,110,146.0,55.0,7,4,0.8346700205710741,0.491058110264322,0.4,0.4,0.2,0.5833333333333334,0.25,0.16666666666666666
198,True,10,10,33,34,427,311,42.7,31.1,18,13,0.4476487175855472,0.5598341522488124,0.36363636363636365,0.48484848484848486,0.15151515151515152,0.35294117647058826,0.38235294117647056,0.2647058823529412
199,True,85,112,936,1123,17181,14220,202.12941176470588,126.96428571428571,416,596,0.6563572201278334,0.5814078737321983,0.6485042735042735,0.23717948717948717,0.11431623931623931,0.4764024933214604,0.333926981300089,0.18967052537845058
200,False,3,4,10,13,107,304,35.666666666666664,76.0,2,6,0.5495551746388537,0.49069225903962155,0.6,0.3,0.1,0.8461538461538461,0.15384615384615385,0.0
201,True,11,11,39,55,378,470,34.36363636363637,42.72727272727273,8,26,0.4691071208681109,0.6461225799792026,0.41025641025641024,0.41025641025641024,0.1794871794871795,0.3090909090909091,0.509090909090909,0.18181818181818182
202,True,7,3,26,16,190,143,27.142857142857142,47.666666666666664,13,5,0.6608429782139738,0.8719581695316667,0.3076923076923077,0.5384615384615384,0.15384615384615385,0.3125,0.3125,0.375
203,True,37,27,163,131,2678,2289,72.37837837837837,84.77777777777777,62,63,0.6294391104527146,0.6650841074118558,0.4785276073619632,0.24539877300613497,0.27607361963190186,0.5648854961832062,0.21374045801526717,0.22137404580152673
204,True,13,9,75,41,1220,471,93.84615384615384,52.333333333333336,38,19,0.5864446465018901,0.6826842932192186,0.4666666666666667,0.4,0.13333333333333333,0.5365853658536586,0.24390243902439024,0.21951219512195122
205,True,63,58,420,502,6441,7791,102.23809523809524,134.32758620689654,177,271,0.5905781903619528,0.6274435538699661,0.5095238095238095,0.3976190476190476,0.09285714285714286,0.5597609561752988,0.2968127490039841,0.14342629482071714
206,True,3,4,5,12,63,161,21.0,40.25,0,5,0.5685382550288957,0.7215121631749265,1.0,0.0,0.0,0.25,0.75,0.0
207,True,21,24,115,178,1563,2459,74.42857142857143,102.45833333333333,51,99,0.5963780436415804,0.8388101494525931,0.5391304347826087,0.33043478260869563,0.13043478260869565,0.47191011235955055,0.20786516853932585,0.3202247191011236
208,False,62,65,602,925,9696,13766,156.38709677419354,211.7846153846154,355,498,0.6765056980010128,0.7026023161138745,0.5199335548172758,0.27906976744186046,0.2009966777408638,0.4854054054054054,0.3037837837837838,0.21081081081081082
209,True,3,4,5,16,75,229,25.0,57.25,2,7,0.7368710359052884,0.8402895039659263,0.4,0.4,0.2,0.4375,0.25,0.3125
210,True,6,16,13,74,261,1313,43.5,82.0625,5,41,0.6549031849670804,0.7591666426917368,0.5384615384615384,0.15384615384615385,0.3076923076923077,0.5135135135135135,0.25675675675675674,0.22972972972972974
211,True,0,1,0,1,0,5,0.0,5.0,0,0,0.0,0.434623651110058,0.0,0.0,0.0,0.0,1.0,0.0
212,False,12,12,134,74,2464,1528,205.33333333333334,127.33333333333333,49,43,0.5554779887743491,0.7314209664949427,0.5746268656716418,0.291044776119403,0.13432835820895522,0.527027027027027,0.22972972972972974,0.24324324324324326
213,True,31,41,199,250,2763,4362,89.12903225806451,106.39024390243902,93,105,0.7180470603864719,0.7231335213092466,0.5477386934673367,0.31155778894472363,0.1407035175879397,0.632,0.26,0.108
214,False,15,7,69,13,661,156,44.06666666666667,22.285714285714285,36,5,0.6738166322806685,0.5990599063159303,0.30434782608695654,0.5072463768115942,0.18840579710144928,0.23076923076923078,0.38461538461538464,0.38461538461538464
215,False,12,8,42,25,576,224,48.0,28.0,27,9,0.604020420753665,0.6392135941047646,0.5952380952380952,0.30952380952380953,0.09523809523809523,0.48,0.32,0.2
216,False,4,5,26,34,396,476,99.0,95.2,12,21,0.5984537942261458,0.716007332248431,0.6153846153846154,0.11538461538461539,0.2692307692307692,0.5,0.29411764705882354,0.20588235294117646
217,True,3,7,8,23,55,168,18.333333333333332,24.0,3,9,0.6045496065347513,0.5644595797188698,0.375,0.625,0.0,0.21739130434782608,0.5217391304347826,0.2608695652173913
218,True,16,20,52,65,657,739,41.0625,36.95,13,30,0.5714402579562701,0.5508657216591357,0.4807692307692308,0.38461538461538464,0.1346153846153846,0.5076923076923077,0.3384615384615385,0.15384615384615385
219,False,6,9,57,36,808,544,134.66666666666666,60.44444444444444,24,18,0.82096396480758,0.835185092726148,0.45614035087719296,0.2982456140350877,0.24561403508771928,0.5277777777777778,0.16666666666666666,0.3055555555555556
220,False,11,9,60,16,803,231,73.0,25.666666666666668,22,7,0.7458683580164525,0.5340837242760448,0.45,0.38333333333333336,0.16666666666666666,0.625,0.25,0.125
221,False,20,17,185,81,2081,1206,104.05,70.94117647058823,91,42,0.7641509917228565,0.6597137386177423,0.4540540540540541,0.34594594594594597,0.2,0.5802469135802469,0.13580246913580246,0.2839506172839506
222,False,2,1,5,1,90,5,45.0,5.0,3,1,0.5558641940605555,0.37380371213109104,0.6,0.4,0.0,0.0,1.0,0.0
223,True,11,21,68,103,872,1483,79.27272727272727,70.61904761904762,26,49,0.6712322513697105,0.5881509211238297,0.4117647058823529,0.3382352941176471,0.25,0.5242718446601942,0.33980582524271846,0.13592233009708737
224,True,0,1,0,1,0,51,0.0,51.0,0,0,0.0,0.47721629220805606,0.0,0.0,0.0,1.0,0.0,0.0
225,False,0,1,0,4,0,58,0.0,58.0,0,1,0.0,0.48356174315049605,0.0,0.0,0.0,0.25,0.5,0.25
226,False,14,14,32,95,467,1510,33.357142857142854,107.85714285714286,24,46,0.6613207162719608,0.8218258938823884,0.34375,0.59375,0.0625,0.5052631578947369,0.3473684210526316,0.14736842105263157
227,False,1,0,2,0,11,0,11.0,0.0,1,0,0.47858326917597105,0.0,1.0,0.0,0.0,0.0,0.0,0.0
228,True,13,9,53,29,808,503,62.15384615384615,55.888888888888886,25,10,0.7417269638267274,0.6744005084562678,0.5094339622641509,0.22641509433962265,0.2641509433962264,0.4827586206896552,0.4482758620689655,0.06896551724137931
229,False,10,16,81,80,939,1051,93.9,65.6875,22,47,0.73290336694821,0.7459815903576396,0.35802469135802467,0.4691358024691358,0.1728395061728395,0.4375,0.375,0.1875
230,True,5,3,22,18,295,203,59.0,67.66666666666667,15,10,0.6722382874960254,0.6339567208426461,0.4090909090909091,0.22727272727272727,0.36363636363636365,0.6111111111111112,0.2777777777777778,0.1111111111111111
231,True,1,8,4,27,26,424,26.0,53.0,2,20,0.5841908046941691,0.6878530267754313,0.5,0.5,0.0,0.4444444444444444,0.25925925925925924,0.2962962962962963
232,True,9,9,65,53,784,584,87.11111111111111,64.88888888888889,30,21,0.5280073102446567,0.7808583453950915,0.5230769230769231,0.35384615384615387,0.12307692307692308,0.49056603773584906,0.49056603773584906,0.018867924528301886
233,False,61,100,394,420,5059,8827,82.93442622950819,88.27,141,244,0.5100591551779649,0.7357487499903627,0.48984771573604063,0.4467005076142132,0.06345177664974619,0.5214285714285715,0.3904761904761905,0.0880952380952381
234,True,48,21,300,166,3593,2407,74.85416666666667,114.61904761904762,138,65,0.5400799971416216,0.6174393755952873,0.38333333333333336,0.5,0.11666666666666667,0.5180722891566265,0.2710843373493976,0.21084337349397592
235,True,6,3,31,9,345,141,57.5,47.0,14,3,0.7230578177534251,0.6282671398556424,0.45161290322580644,0.3225806451612903,0.22580645161290322,0.4444444444444444,0.4444444444444444,0.1111111111111111
236,True,17,12,145,87,2649,1506,155.8235294117647,125.5,61,47,0.6950649955108382,0.6375846671403289,0.6482758620689655,0.1724137931034483,0.1793103448275862,0.6436781609195402,0.22988505747126436,0.12643678160919541
237,True,6,9,14,60,176,774,29.333333333333332,86.0,4,18,0.583633156552242,0.649400720360146,0.5714285714285714,0.2857142857142857,0.14285714285714285,0.48333333333333334,0.36666666666666664,0.15
238,True,0,1,0,2,0,10,0.0,10.0,0,1,0.0,0.47103083291885706,0.0,0.0,0.0,0.5,0.5,0.0
239,False,9,11,52,82,758,942,84.22222222222223,85.63636363636364,24,26,0.6191995470316477,0.6888187952992995,0.5576923076923077,0.28846153846153844,0.15384615384615385,0.4146341463414634,0.3780487804878049,0.2073170731707317
240,False,4,5,17,7,128,84,32.0,16.8,11,3,0.6438408752656692,0.5095423122322327,0.23529411764705882,0.7058823529411765,0.058823529411764705,0.42857142857142855,0.42857142857142855,0.14285714285714285
241,True,33,30,379,294,5530,4978,167.57575757575756,165.93333333333334,187,133,0.7395827216150082,0.7527845335793548,0.5857519788918206,0.29023746701846964,0.12401055408970976,0.6224489795918368,0.30272108843537415,0.07482993197278912
242,False,24,22,290,130,4423,1662,184.29166666666666,75.54545454545455,137,49,0.8322334650909381,0.6555681950739505,0.5655172413793104,0.23448275862068965,0.2,0.3923076923076923,0.4076923076923077,0.2
243,False,8,15,30,50,322,530,40.25,35.333333333333336,15,19,0.629395673313557,0.5781702464049553,0.4,0.43333333333333335,0.16666666666666666,0.44,0.46,0.1
244,True,17,24,55,123,844,2175,49.64705882352941,90.625,35,69,0.7518067634753858,0.7269235737856922,0.4,0.4,0.2,0.5934959349593496,0.17073170731707318,0.23577235772357724
245,False,8,10,35,16,535,260,66.875,26.0,24,14,0.793555714362834,0.6330516935367305,0.6,0.2571428571428571,0.14285714285714285,0.25,0.5625,0.1875
246,False,3,5,9,6,99,41,33.0,8.2,5,1,0.4881035842393204,0.5262773809196453,0.4444444444444444,0.4444444444444444,0.1111111111111111,0.5,0.5,0.0
247,True,23,22,56,124,773,1444,33.608695652173914,65.63636363636364,29,44,0.6108540767525453,0.6667498323060467,0.6071428571428571,0.17857142857142858,0.21428571428571427,0.5241935483870968,0.31451612903225806,0.16129032258064516
248,False,17,17,99,80,1264,940,74.3529411764706,55.294117647058826,48,43,0.7342357659914314,0.6422270225297817,0.40404040404040403,0.42424242424242425,0.1717171717171717,0.4,0.375,0.225
249,False,12,18,76,135,1074,2051,89.5,113.94444444444444,34,69,0.7427530568972728,0.6568090762080698,0.47368421052631576,0.2631578947368421,0.2631578947368421,0.4888888888888889,0.32592592592592595,0.18518518518518517
250,False,6,6,38,29,613,401,102.16666666666667,66.83333333333333,12,12,0.5711688633640659,0.5646816984273817,0.39473684210526316,0.3157894736842105,0.2894736842105263,0.5172413793103449,0.27586206896551724,0.20689655172413793
251,True,11,9,68,55,851,677,77.36363636363636,75.22222222222223,34,16,0.7236498015772916,0.7220917663953638,0.4411764705882353,0.3382352941176471,0.22058823529411764,0.45454545454545453,0.38181818181818183,0.16363636363636364
252,True,7,11,51,144,779,2081,111.28571428571429,189.1818181818182,26,72,0.6540974413798827,0.8438998832485015,0.5686274509803921,0.21568627450980393,0.21568627450980393,0.5625,0.22916666666666666,0.20833333333333334
253,True,24,24,163,124,2247,1546,93.625,64.41666666666667,64,61,0.6945368073792005,0.8102162978404382,0.5460122699386503,0.36809815950920244,0.08588957055214724,0.49193548387096775,0.3064516129032258,0.20161290322580644
254,False,15,10,125,98,2922,1898,194.8,189.8,74,41,0.732465517291162,0.6657123723307766,0.648,0.224,0.128,0.5816326530612245,0.20408163265306123,0.21428571428571427
255,True,9,12,19,27,279,341,31.0,28.416666666666668,9,16,0.6237074821646742,0.5751718299617276,0.47368421052631576,0.3157894736842105,0.21052631578947367,0.5185185185185185,0.3333333333333333,0.14814814814814814
256,True,23,27,294,130,5346,2289,232.43478260869566,84.77777777777777,166,53,0.7103882031959146,0.6512841224561217,0.5612244897959183,0.25510204081632654,0.1836734693877551,0.5307692307692308,0.33076923076923076,0.13846153846153847
257,True,1,1,2,2,35,28,35.0,28.0,2,2,0.6950859771603011,0.7108580289437061,1.0,0.0,0.0,1.0,0.0,0.0
258,True,10,5,41,21,885,478,88.5,95.6,16,8,0.5981760041698369,0.5699047268664168,0.5853658536585366,0.2682926829268293,0.14634146341463414,0.8095238095238095,0.14285714285714285,0.047619047619047616
259,True,24,25,209,107,3172,1961,132.16666666666666,78.44,84,51,0.7340336371586992,0.5629030272366272,0.5645933014354066,0.32057416267942584,0.11483253588516747,0.6542056074766355,0.17757009345794392,0.16822429906542055
260,True,10,14,71,88,721,1548,72.1,110.57142857142857,34,55,0.6753920776091141,0.7553732285162965,0.4507042253521127,0.3380281690140845,0.2112676056338028,0.4659090909090909,0.22727272727272727,0.3068181818181818
261,True,8,12,64,100,1028,1310,128.5,109.16666666666667,30,40,0.6400699165952329,0.8124412620593943,0.578125,0.25,0.171875,0.44,0.25,0.31
262,False,4,3,16,8,214,91,53.5,30.333333333333332,9,3,0.7770008852757185,0.6748640337504397,0.5,0.3125,0.1875,0.5,0.375,0.125
263,False,8,8,20,21,270,376,33.75,47.0,13,14,0.6403057237647246,0.5598659378431555,0.35,0.55,0.1,0.5238095238095238,0.38095238095238093,0.09523809523809523
264,False,1,1,6,5,69,53,69.0,53.0,2,1,0.560841804422464,0.7928505857364471,0.5,0.3333333333333333,0.16666666666666666,0.0,0.8,0.2
265,True,4,1,29,1,392,8,98.0,8.0,12,1,0.8702810123119571,0.19103496334573203,0.3793103448275862,0.3793103448275862,0.2413793103448276,1.0,0.0,0.0
266,False,7,4,14,9,191,84,27.285714285714285,21.0,6,6,0.5625260118989142,0.4947447878096113,0.7857142857142857,0.21428571428571427,0.0,0.5555555555555556,0.4444444444444444,0.0
267,True,15,19,108,199,1767,3146,117.8,165.57894736842104,52,75,0.8097792811351713,0.639438041332113,0.5925925925925926,0.3055555555555556,0.10185185185185185,0.5527638190954773,0.2613065326633166,0.18592964824120603
268,False,3,2,15,6,153,41,51.0,20.5,6,2,0.6148594861299644,0.637022735565913,0.4666666666666667,0.3333333333333333,0.2,0.5,0.5,0.0
269,False,10,6,48,19,636,228,63.6,38.0,17,7,0.6652345795110721,0.4717525000815086,0.4166666666666667,0.4375,0.14583333333333334,0.47368421052631576,0.10526315789473684,0.42105263157894735
270,False,89,68,317,359,3557,5332,39.96629213483146,78.41176470588235,154,155,0.509029791912306,0.6117458922723501,0.3186119873817035,0.5394321766561514,0.14195583596214512,0.4623955431754875,0.40668523676880225,0.1309192200557103
271,True,2,3,5,5,44,27,22.0,9.0,2,1,0.36918540137785855,0.802442703765593,0.2,0.8,0.0,0.0,0.4,0.6
272,True,16,21,194,147,2602,1900,162.625,90.47619047619048,109,70,0.6463172320172832,0.6182772852181315,0.5567010309278351,0.29381443298969073,0.14948453608247422,0.5102040816326531,0.3129251700680272,0.17687074829931973
273,False,1,3,5,23,62,282,62.0,94.0,3,8,0.8521329020196851,0.6556793300758623,0.4,0.4,0.2,0.4782608695652174,0.34782608695652173,0.17391304347826086
274,False,0,3,0,18,0,278,0.0,92.66666666666667,0,12,0.0,0.7944432407947412,0.0,0.0,0.0,0.5555555555555556,0.2777777777777778,0.16666666666666666
275,False,56,38,146,206,1510,3312,26.964285714285715,87.15789473684211,33,94,0.4228000308708225,0.5555333163651726,0.3972602739726027,0.5136986301369864,0.08904109589041095,0.46116504854368934,0.470873786407767,0.06796116504854369
276,True,33,31,241,318,2855,6034,86.51515151515152,194.6451612903226,115,139,0.6734948759823433,0.8343578757470123,0.43568464730290457,0.3651452282157676,0.1991701244813278,0.5094339622641509,0.2578616352201258,0.23270440251572327
277,True,17,17,164,145,2681,1766,157.7058823529412,103.88235294117646,89,75,0.713812849211128,0.6054400684456076,0.5609756097560976,0.2682926829268293,0.17073170731707318,0.45517241379310347,0.3448275862068966,0.2
278,False,14,9,90,26,1081,291,77.21428571428571,32.333333333333336,38,14,0.625596357267616,0.6276408573868969,0.35555555555555557,0.45555555555555555,0.18888888888888888,0.5384615384615384,0.4230769230769231,0.038461538461538464
279,False,8,3,52,14,757,161,94.625,53.666666666666664,22,4,0.6193125357546653,0.45643479088408734,0.4807692307692308,0.4230769230769231,0.09615384615384616,0.5,0.35714285714285715,0.14285714285714285
280,False,4,6,13,28,182,356,45.5,59.333333333333336,7,10,0.6270923377949423,0.6409320710430683,0.6923076923076923,0.15384615384615385,0.15384615384615385,0.35714285714285715,0.39285714285714285,0.25
281,False,17,15,163,70,2351,849,138.2941176470588,56.6,76,24,0.7951565502434822,0.820653223734456,0.5153374233128835,0.31901840490797545,0.1656441717791411,0.5428571428571428,0.34285714285714286,0.11428571428571428
282,False,6,6,24,10,586,158,97.66666666666667,26.333333333333332,14,3,0.5907239987650513,0.5200682405683766,0.5416666666666666,0.125,0.3333333333333333,0.6,0.2,0.2
283,True,2,2,3,11,20,130,10.0,65.0,2,5,0.4897456182846426,0.8201973113374721,0.0,0.3333333333333333,0.6666666666666666,0.45454545454545453,0.36363636363636365,0.18181818181818182
284,False,6,6,118,57,1974,846,329.0,141.0,64,32,0.8624003508575301,0.8659725800857827,0.4152542372881356,0.3220338983050847,0.2627118644067797,0.49122807017543857,0.3333333333333333,0.17543859649122806
285,True,8,9,21,35,409,396,51.125,44.0,16,12,0.7194587469009767,0.7971290509339267,0.6190476190476191,0.2857142857142857,0.09523809523809523,0.34285714285714286,0.4857142857142857,0.17142857142857143
286,False,16,11,40,38,366,436,22.875,39.63636363636363,23,17,0.44166807387187285,0.7232158431877251,0.3,0.5,0.2,0.3684210526315789,0.42105263157894735,0.21052631578947367
287,False,25,23,236,320,4567,4083,182.68,177.52173913043478,131,136,0.7787735469489566,0.5998597074669995,0.6610169491525424,0.2542372881355932,0.0847457627118644,0.565625,0.296875,0.1375
288,True,12,12,53,53,764,597,63.666666666666664,49.75,33,26,0.6418372939227788,0.6599276956003249,0.5094339622641509,0.32075471698113206,0.16981132075471697,0.3584905660377358,0.32075471698113206,0.32075471698113206
289,False,13,7,61,42,765,355,58.84615384615385,50.714285714285715,28,12,0.7011387404184362,0.6765191533447157,0.5245901639344263,0.3114754098360656,0.16393442622950818,0.2857142857142857,0.5,0.21428571428571427
290,True,4,0,39,0,427,0,106.75,0.0,19,0,0.7919544369287483,0.0,0.48717948717948717,0.20512820512820512,0.3076923076923077,0.0,0.0,0.0
291,False,30,38,160,171,2130,2901,71.0,76.34210526315789,73,84,0.6103963301945065,0.5304254938425593,0.4875,0.39375,0.11875,0.5380116959064327,0.3684210526315789,0.0935672514619883
292,False,5,5,15,22,229,190,45.8,38.0,4,6,0.7762102229219014,0.6741916108283503,0.6,0.3333333333333333,0.06666666666666667,0.36363636363636365,0.5,0.13636363636363635
293,True,5,3,30,35,435,561,87.0,187.0,19,16,0.6224779820536368,0.5397741221184694,0.4666666666666667,0.26666666666666666,0.26666666666666666,0.5428571428571428,0.3142857142857143,0.14285714285714285
294,True,12,13,44,97,619,1111,51.583333333333336,85.46153846153847,23,39,0.6582307405641495,0.580588347488476,0.6136363636363636,0.29545454545454547,0.09090909090909091,0.3711340206185567,0.4948453608247423,0.13402061855670103
295,False,1,0,4,0,87,0,87.0,0.0,2,0,0.230320153450485,0.0,0.75,0.25,0.0,0.0,0.0,0.0
296,True,8,11,62,46,644,501,80.5,45.54545454545455,20,25,0.7056507544916714,0.7456143221634414,0.4838709677419355,0.3225806451612903,0.1935483870967742,0.43478260869565216,0.2826086956521739,0.2826086956521739
297,False,17,30,94,272,1613,4198,94.88235294117646,139.93333333333334,61,146,0.5689662161681338,0.6769214152141841,0.6276595744680851,0.23404255319148937,0.13829787234042554,0.5477941176470589,0.2977941176470588,0.15441176470588236
298,True,2,6,4,17,37,159,18.5,26.5,2,15,0.6661533523522251,0.6649712434259779,0.25,0.5,0.25,0.23529411764705882,0.6470588235294118,0.11764705882352941
299,True,4,5,24,32,338,515,84.5,103.0,15,19,0.6247426822788625,0.9293271737577034,0.4583333333333333,0.3333333333333333,0.20833333333333334,0.5625,0.1875,0.25
300,True,33,18,196,196,2725,2546,82.57575757575758,141.44444444444446,75,99,0.682541972218575,0.7293153239408758,0.5102040816326531,0.3163265306122449,0.17346938775510204,0.5459183673469388,0.25510204081632654,0.1989795918367347
301,False,14,6,98,10,1409,103,100.64285714285714,17.166666666666668,43,2,0.7789326754297007,0.5758128570156887,0.5510204081632653,0.32653061224489793,0.12244897959183673,0.8,0.1,0.1
302,True,2,2,12,5,254,76,127.0,38.0,8,3,0.8471781395950126,0.7613967629858686,0.8333333333333334,0.16666666666666666,0.0,0.2,0.2,0.6
303,True,11,9,62,43,776,494,70.54545454545455,54.888888888888886,30,16,0.6197571825807814,0.7174877194805754,0.45161290322580644,0.43548387096774194,0.11290322580645161,0.5348837209302325,0.3488372093023256,0.11627906976744186
304,True,21,27,98,174,1353,1989,64.42857142857143,73.66666666666667,53,83,0.8143037439253585,0.7622995313624621,0.5102040816326531,0.30612244897959184,0.1836734693877551,0.367816091954023,0.3620689655172414,0.27011494252873564
305,True,5,9,11,49,65,650,13.0,72.22222222222223,1,30,0.47735827885869064,0.8576383664856274,0.2727272727272727,0.5454545454545454,0.18181818181818182,0.5102040816326531,0.30612244897959184,0.1836734693877551
306,False,4,3,6,10,40,201,10.0,67.0,2,0,0.3320955546552258,0.48859253896574134,0.5,0.3333333333333333,0.16666666666666666,0.8,0.2,0.0
307,True,3,6,7,35,104,363,34.666666666666664,60.5,4,15,0.5943212548711064,0.6241372034359847,0.14285714285714285,0.7142857142857143,0.14285714285714285,0.2857142857142857,0.5428571428571428,0.17142857142857143
308,True,13,18,147,205,2176,2428,167.3846153846154,134.88888888888889,52,100,0.5944473775647242,0.6098417309467562,0.5306122448979592,0.32653061224489793,0.14285714285714285,0.44390243902439025,0.3121951219512195,0.24390243902439024
309,False,2,0,4,0,38,0,19.0,0.0,1,0,0.49298195232677655,0.0,0.5,0.25,0.25,0.0,0.0,0.0
310,False,2,2,10,5,200,103,100.0,51.5,5,3,0.859363799856236,0.6432232581950545,0.4,0.4,0.2,0.6,0.4,0.0
311,True,15,22,97,160,1193,2340,79.53333333333333,106.36363636363636,61,91,0.6341920320917771,0.7568254074585437,0.4536082474226804,0.25773195876288657,0.28865979381443296,0.50625,0.325,0.16875
312,False,11,8,74,31,834,330,75.81818181818181,41.25,38,17,0.7546098361730198,0.6594471082301566,0.4864864864864865,0.3783783783783784,0.13513513513513514,0.4838709677419355,0.45161290322580644,0.06451612903225806
313,False,8,9,68,98,1628,1690,203.5,187.77777777777777,33,56,0.7374467812688401,0.940893487224393,0.6029411764705882,0.17647058823529413,0.22058823529411764,0.47959183673469385,0.22448979591836735,0.29591836734693877
314,True,0,1,0,2,0,13,0.0,13.0,0,1,0.0,0.799267011601959,0.0,0.0,0.0,0.5,0.5,0.0
315,False,1,1,5,3,56,36,56.0,36.0,3,2,0.674705466400307,0.511467985014203,0.8,0.2,0.0,0.6666666666666666,0.3333333333333333,0.0
316,False,3,8,4,23,43,224,14.333333333333334,28.0,3,12,0.40903219953489467,0.49106840599045815,0.5,0.5,0.0,0.43478260869565216,0.43478260869565216,0.13043478260869565
317,True,1,0,2,0,18,0,18.0,0.0,1,0,0.2927176666606,0.0,0.5,0.5,0.0,0.0,0.0,0.0
318,False,1,1,5,2,46,12,46.0,12.0,3,2,0.9118694389541271,0.38771082938829304,0.6,0.2,0.2,0.5,0.5,0.0
319,True,10,9,26,40,366,501,36.6,55.666666666666664,13,21,0.5818360971866923,0.6802393620096706,0.6153846153846154,0.11538461538461539,0.2692307692307692,0.45,0.4,0.15
320,False,8,9,39,58,526,1016,65.75,112.88888888888889,16,33,0.6402737790805318,0.714598797661758,0.6410256410256411,0.20512820512820512,0.15384615384615385,0.6206896551724138,0.3103448275862069,0.06896551724137931
321,True,7,5,72,25,916,310,130.85714285714286,62.0,40,8,0.8453238063913197,0.6745826223484223,0.5138888888888888,0.3611111111111111,0.125,0.4,0.24,0.36
322,True,12,17,19,85,238,1112,19.833333333333332,65.41176470588235,12,51,0.5364736030114421,0.7354297213435455,0.42105263157894735,0.47368421052631576,0.10526315789473684,0.5058823529411764,0.2823529411764706,0.21176470588235294
323,False,0,3,0,9,0,74,0.0,24.666666666666668,0,2,0.0,0.4080966964873347,0.0,0.0,0.0,0.3333333333333333,0.6666666666666666,0.0
324,True,17,32,65,189,1128,2791,66.3529411764706,87.21875,42,83,0.5998464475076005,0.6219115223453487,0.6615384615384615,0.2153846153846154,0.12307692307692308,0.47619047619047616,0.3439153439153439,0.17989417989417988
325,False,21,13,85,59,1194,842,56.857142857142854,64.76923076923077,48,35,0.6438360534638831,0.6037939299457924,0.5058823529411764,0.38823529411764707,0.10588235294117647,0.4067796610169492,0.3898305084745763,0.2033898305084746
326,False,15,12,60,32,717,616,47.8,51.333333333333336,32,23,0.6551634168065046,0.5562763149073016,0.6,0.2833333333333333,0.11666666666666667,0.625,0.34375,0.03125
327,True,4,4,11,8,191,263,47.75,65.75,4,6,0.603225279527985,0.7260783649584721,0.5454545454545454,0.36363636363636365,0.09090909090909091,0.75,0.25,0.0
328,False,4,4,9,4,105,70,26.25,17.5,3,1,0.4808202459378968,0.5262781407316495,0.2222222222222222,0.5555555555555556,0.2222222222222222,0.75,0.0,0.25
329,True,6,11,37,84,438,1204,73.0,109.45454545454545,15,34,0.6442602673961082,0.8143037433150814,0.40540540540540543,0.5135135135135135,0.08108108108108109,0.47619047619047616,0.3333333333333333,0.19047619047619047
330,True,12,9,63,18,972,174,81.0,19.333333333333332,35,7,0.7954043209047246,0.6045544696294738,0.42857142857142855,0.3492063492063492,0.2222222222222222,0.4444444444444444,0.4444444444444444,0.1111111111111111
331,True,3,5,7,15,29,175,9.666666666666666,35.0,2,5,0.5864966421438287,0.670756894134819,0.2857142857142857,0.7142857142857143,0.0,0.5333333333333333,0.2,0.26666666666666666
332,False,5,7,23,30,241,342,48.2,48.857142857142854,7,8,0.7293484464835348,0.6365729919720551,0.5652173913043478,0.2608695652173913,0.17391304347826086,0.4,0.4666666666666667,0.13333333333333333
333,True,5,9,10,62,97,798,19.4,88.66666666666667,2,30,0.4802523195182381,0.7120465466619592,0.5,0.3,0.2,0.45161290322580644,0.3548387096774194,0.1935483870967742
334,False,15,14,57,61,1090,899,72.66666666666667,64.21428571428571,35,24,0.7549028404634964,0.5892025545815295,0.5614035087719298,0.24561403508771928,0.19298245614035087,0.6721311475409836,0.21311475409836064,0.11475409836065574
335,False,3,4,9,17,89,160,29.666666666666668,40.0,4,5,0.6743341821500225,0.6351107219601912,0.4444444444444444,0.2222222222222222,0.3333333333333333,0.5294117647058824,0.35294117647058826,0.11764705882352941
336,False,1,1,12,8,220,118,220.0,118.0,7,4,0.5736176649704641,0.8450787025274981,0.5833333333333334,0.25,0.16666666666666666,0.875,0.125,0.0
337,False,19,25,67,134,869,1305,45.73684210526316,52.2,36,66,0.7013784765606899,0.6843030763319569,0.4925373134328358,0.31343283582089554,0.19402985074626866,0.3208955223880597,0.5447761194029851,0.13432835820895522
338,True,14,7,66,15,553,153,39.5,21.857142857142858,31,6,0.5934886687019386,0.41541447951697885,0.30303030303030304,0.5,0.19696969696969696,0.5333333333333333,0.26666666666666666,0.2
339,False,5,5,12,15,144,104,28.8,20.8,7,4,0.5650902851396422,0.6567884696045942,0.5833333333333334,0.3333333333333333,0.08333333333333333,0.4,0.4,0.2
340,False,6,4,34,6,385,47,64.16666666666667,11.75,20,4,0.7108290635655532,0.4759122504928723,0.38235294117647056,0.3235294117647059,0.29411764705882354,0.3333333333333333,0.6666666666666666,0.0
341,False,10,17,69,59,1517,893,151.7,52.529411764705884,28,38,0.8825957036289568,0.7482408714838624,0.5797101449275363,0.2318840579710145,0.18840579710144928,0.5084745762711864,0.3050847457627119,0.1864406779661017
342,True,16,11,119,49,1426,828,89.125,75.27272727272727,68,21,0.7662537087928916,0.6520176102401929,0.4117647058823529,0.3949579831932773,0.19327731092436976,0.42857142857142855,0.42857142857142855,0.14285714285714285
343,True,24,24,124,163,1546,2247,64.41666666666667,93.625,61,64,0.8102162978404381,0.6945368073792008,0.49193548387096775,0.3064516129032258,0.20161290322580644,0.5460122699386503,0.36809815950920244,0.08588957055214724
344,False,15,18,68,111,760,1314,50.666666666666664,73.0,33,66,0.6552450221760616,0.6720359682587986,0.38235294117647056,0.5147058823529411,0.10294117647058823,0.3783783783783784,0.40540540540540543,0.21621621621621623
345,True,12,15,65,66,804,1193,67.0,79.53333333333333,27,36,0.46311572733453504,0.5578459887588759,0.46153846153846156,0.3384615384615385,0.2,0.48484848484848486,0.3787878787878788,0.13636363636363635
346,False,21,12,119,104,1445,1446,68.80952380952381,120.5,38,58,0.7506904641490062,0.656534176610242,0.453781512605042,0.36134453781512604,0.18487394957983194,0.5769230769230769,0.3076923076923077,0.11538461538461539
347,False,51,34,602,286,9360,4073,183.52941176470588,119.79411764705883,292,135,0.7366393584074685,0.721792061515615,0.5564784053156147,0.23920265780730898,0.20431893687707642,0.541958041958042,0.3181818181818182,0.13986013986013987
348,True,35,46,386,307,5573,4239,159.22857142857143,92.15217391304348,218,155,0.6650149292344187,0.7307988209523049,0.5310880829015544,0.26424870466321243,0.20466321243523317,0.36807817589576547,0.40390879478827363,0.2280130293159609
349,False,6,5,33,17,424,175,70.66666666666667,35.0,19,9,0.6278263182270696,0.5235819112213873,0.6060606060606061,0.36363636363636365,0.030303030303030304,0.47058823529411764,0.35294117647058826,0.17647058823529413
350,False,6,6,15,41,250,537,41.666666666666664,89.5,10,19,0.8717300234237614,0.7928655658670162,0.4,0.26666666666666666,0.3333333333333333,0.5121951219512195,0.1951219512195122,0.2926829268292683
351,False,5,6,18,22,273,359,54.6,59.833333333333336,13,17,0.7051767921929128,0.859209972587701,0.5555555555555556,0.2222222222222222,0.2222222222222222,0.5,0.36363636363636365,0.13636363636363635
352,True,17,6,104,47,1007,490,59.23529411764706,81.66666666666667,57,21,0.7218047223488422,0.7902129749782313,0.36538461538461536,0.4230769230769231,0.21153846153846154,0.3404255319148936,0.40425531914893614,0.2553191489361702
353,True,91,125,407,618,5920,7587,65.05494505494505,60.696,180,275,0.6291158562137502,0.5560355036249167,0.4914004914004914,0.3464373464373464,0.16216216216216217,0.43851132686084143,0.3802588996763754,0.18122977346278318
354,False,16,21,125,138,1920,1755,120.0,83.57142857142857,49,50,0.8026267731353518,0.6882630314760008,0.448,0.344,0.208,0.41304347826086957,0.41304347826086957,0.17391304347826086
355,False,20,16,85,90,1257,846,62.85,52.875,47,46,0.7619983552244206,0.8294862590096672,0.5764705882352941,0.3058823529411765,0.11764705882352941,0.34444444444444444,0.4222222222222222,0.23333333333333334
356,False,21,32,173,452,2428,7131,115.61904761904762,222.84375,50,173,0.637677109129878,0.730303885729457,0.49710982658959535,0.2947976878612717,0.20809248554913296,0.5575221238938053,0.27876106194690264,0.16371681415929204
357,True,5,10,12,27,115,241,23.0,24.1,2,16,0.5628009522803618,0.5824787243748193,0.6666666666666666,0.25,0.08333333333333333,0.4444444444444444,0.37037037037037035,0.18518518518518517
358,False,9,2,40,6,633,45,70.33333333333333,22.5,27,2,0.7889117883000372,0.6189221569174296,0.525,0.25,0.225,0.0,0.5,0.5
359,True,9,6,60,14,774,176,86.0,29.333333333333332,18,4,0.649400720360146,0.583633156552242,0.48333333333333334,0.36666666666666664,0.15,0.5714285714285714,0.2857142857142857,0.14285714285714285
360,False,12,17,61,58,626,860,52.166666666666664,50.588235294117645,20,34,0.6388440047478454,0.6648147531866295,0.39344262295081966,0.4918032786885246,0.11475409836065574,0.6206896551724138,0.27586206896551724,0.10344827586206896
361,True,2,3,6,11,95,146,47.5,48.666666666666664,5,5,0.631990195368587,0.508003565059704,0.6666666666666666,0.16666666666666666,0.16666666666666666,0.36363636363636365,0.36363636363636365,0.2727272727272727
362,True,4,2,11,4,113,19,28.25,9.5,2,1,0.6123132184279998,0.21717729621410353,0.5454545454545454,0.18181818181818182,0.2727272727272727,0.0,1.0,0.0
363,True,1,3,6,19,72,273,72.0,91.0,3,14,0.48449209840678,0.733362461118487,0.0,0.5,0.5,0.3157894736842105,0.3157894736842105,0.3684210526315789
364,True,9,8,37,53,460,586,51.111111111111114,73.25,21,21,0.628403098000089,0.5095331467012727,0.5405405405405406,0.3783783783783784,0.08108108108108109,0.4528301886792453,0.3018867924528302,0.24528301886792453
365,True,8,8,33,25,377,273,47.125,34.125,18,9,0.6935350365504862,0.546368668541924,0.42424242424242425,0.45454545454545453,0.12121212121212122,0.56,0.16,0.28
366,False,8,9,64,46,760,561,95.0,62.333333333333336,30,24,0.62119401578025,0.6871440726883552,0.453125,0.359375,0.1875,0.45652173913043476,0.45652173913043476,0.08695652173913043
367,False,5,5,29,10,375,113,75.0,22.6,13,7,0.7413377940288781,0.512786848648905,0.5517241379310345,0.2413793103448276,0.20689655172413793,0.4,0.6,0.0
368,False,27,21,169,129,2448,1813,90.66666666666667,86.33333333333333,80,74,0.789583232332047,0.7651588208381329,0.42011834319526625,0.33136094674556216,0.2485207100591716,0.5116279069767442,0.2868217054263566,0.20155038759689922
369,False,13,10,105,99,1328,1749,102.15384615384616,174.9,52,44,0.6018581088528814,0.7307282185489076,0.5333333333333333,0.34285714285714286,0.12380952380952381,0.6161616161616161,0.2222222222222222,0.16161616161616163
370,False,8,7,14,29,140,446,17.5,63.714285714285715,10,17,0.5386654241695638,0.7991654915529892,0.5714285714285714,0.42857142857142855,0.0,0.4827586206896552,0.4482758620689655,0.06896551724137931
371,True,7,8,19,28,369,232,52.714285714285715,29.0,12,14,0.7654346145301191,0.6586684978237355,0.5789473684210527,0.2631578947368421,0.15789473684210525,0.35714285714285715,0.5357142857142857,0.10714285714285714
372,False,13,16,100,67,1837,1001,141.30769230769232,62.5625,56,34,0.7723584298816542,0.5966431725946915,0.53,0.25,0.22,0.5373134328358209,0.34328358208955223,0.11940298507462686
373,False,4,3,9,10,141,160,35.25,53.333333333333336,7,4,0.4019790533471918,0.45084255874319235,0.8888888888888888,0.1111111111111111,0.0,0.6,0.3,0.1
374,True,3,8,6,70,75,1394,25.0,174.25,4,36,0.6463882350340677,0.789702384025928,0.6666666666666666,0.0,0.3333333333333333,0.5428571428571428,0.21428571428571427,0.24285714285714285
375,True,11,10,40,30,653,624,59.36363636363637,62.4,22,24,0.6353335244871909,0.799829564142845,0.55,0.375,0.075,0.5333333333333333,0.26666666666666666,0.2
376,False,4,2,21,6,324,49,81.0,24.5,8,1,0.7793833826389797,0.8136868578079861,0.5238095238095238,0.42857142857142855,0.047619047619047616,0.0,0.5,0.5
377,False,0,2,0,12,0,161,0.0,80.5,0,4,0.0,0.7297039317809135,0.0,0.0,0.0,0.4166666666666667,0.5,0.08333333333333333
378,False,9,8,53,49,714,553,79.33333333333333,69.125,25,16,0.7289133235739409,0.7285726676482054,0.5660377358490566,0.2641509433962264,0.16981132075471697,0.4897959183673469,0.30612244897959184,0.20408163265306123
379,False,2,2,13,5,275,78,137.5,39.0,7,2,0.8352791825488796,0.6007514777380045,0.6923076923076923,0.3076923076923077,0.0,0.2,0.4,0.4
380,True,8,9,66,76,1155,842,144.375,93.55555555555556,23,28,0.6374918343381887,0.5927214621754897,0.5454545454545454,0.2878787878787879,0.16666666666666666,0.4605263157894737,0.3684210526315789,0.17105263157894737
381,True,7,12,49,110,698,2233,99.71428571428571,186.08333333333334,26,51,0.5821481112730859,0.8344524525078104,0.46938775510204084,0.40816326530612246,0.12244897959183673,0.6272727272727273,0.2636363636363636,0.10909090909090909
382,False,0,4,0,13,0,104,0.0,26.0,0,3,0.0,0.403719886405401,0.0,0.0,0.0,0.46153846153846156,0.38461538461538464,0.15384615384615385
383,True,5,9,32,28,439,290,87.8,32.22222222222222,14,11,0.8195459284263776,0.7931529739463228,0.46875,0.28125,0.25,0.35714285714285715,0.35714285714285715,0.2857142857142857
384,False,5,5,21,30,243,380,48.6,76.0,10,15,0.684020080803106,0.6915210406080854,0.5238095238095238,0.3333333333333333,0.14285714285714285,0.3333333333333333,0.4666666666666667,0.2
385,False,1,0,1,0,1,0,1.0,0.0,0,0,0.30681352693031605,0.0,0.0,1.0,0.0,0.0,0.0,0.0
386,True,9,6,18,19,158,163,17.555555555555557,27.166666666666668,8,11,0.637336559178261,0.5852246310208195,0.3888888888888889,0.4444444444444444,0.16666666666666666,0.42105263157894735,0.47368421052631576,0.10526315789473684
387,False,9,2,112,10,1889,108,209.88888888888889,54.0,43,4,0.7555770561764021,0.6709816128395321,0.5892857142857143,0.22321428571428573,0.1875,0.4,0.5,0.1
388,True,14,12,33,53,645,773,46.07142857142857,64.41666666666667,20,41,0.44680774974131726,0.6983659288652669,0.7575757575757576,0.12121212121212122,0.12121212121212122,0.6226415094339622,0.2641509433962264,0.11320754716981132
389,True,21,13,33,21,543,131,25.857142857142858,10.076923076923077,24,9,0.4351901217298371,0.42370117745857083,0.48484848484848486,0.48484848484848486,0.030303030303030304,0.23809523809523808,0.6666666666666666,0.09523809523809523
390,False,18,11,80,41,813,401,45.166666666666664,36.45454545454545,41,15,0.49670336075106714,0.446607641231025,0.3125,0.425,0.2625,0.3902439024390244,0.43902439024390244,0.17073170731707318
391,False,4,8,42,29,674,424,168.5,53.0,22,13,0.7090486608741138,0.5531445032332016,0.5952380952380952,0.30952380952380953,0.09523809523809523,0.5517241379310345,0.3103448275862069,0.13793103448275862
392,False,7,13,40,62,400,802,57.142857142857146,61.69230769230769,10,40,0.5972313197432967,0.6265047414162813,0.5,0.3,0.2,0.46774193548387094,0.3387096774193548,0.1935483870967742
393,True,4,9,19,44,247,549,61.75,61.0,9,20,0.5772319454586443,0.7054337619956448,0.5263157894736842,0.47368421052631576,0.0,0.4318181818181818,0.3409090909090909,0.22727272727272727
394,True,13,15,69,64,925,1018,71.15384615384616,67.86666666666666,38,39,0.6237168209258681,0.6506353000071179,0.391304347826087,0.4057971014492754,0.2028985507246377,0.671875,0.171875,0.15625
395,False,8,9,43,48,528,460,66.0,51.111111111111114,17,13,0.7628658303874073,0.5630969796151232,0.4186046511627907,0.4418604651162791,0.13953488372093023,0.375,0.4791666666666667,0.14583333333333334
396,False,15,19,71,85,1189,846,79.26666666666667,44.526315789473685,39,28,0.7650457685868652,0.5951535268141621,0.5774647887323944,0.2676056338028169,0.15492957746478872,0.35294117647058826,0.47058823529411764,0.17647058823529413
397,True,0,4,0,39,0,427,0.0,106.75,0,19,0.0,0.7919544369287483,0.0,0.0,0.0,0.48717948717948717,0.20512820512820512,0.3076923076923077
398,False,13,14,146,62,3402,912,261.6923076923077,65.14285714285714,84,27,0.7552569049301858,0.5994319783922827,0.6301369863013698,0.2876712328767123,0.0821917808219178,0.5645161290322581,0.1935483870967742,0.24193548387096775
399,True,3,5,5,9,67,174,22.333333333333332,34.8,2,4,0.5288224777910947,0.6931884099878463,0.6,0.4,0.0,0.5555555555555556,0.2222222222222222,0.2222222222222222
400,False,13,16,44,44,638,575,49.07692307692308,35.9375,26,16,0.45051568162300837,0.4381217924048502,0.6136363636363636,0.29545454545454547,0.09090909090909091,0.5,0.2727272727272727,0.22727272727272727
401,True,2,3,4,14,49,210,24.5,70.0,2,9,0.43954784216137555,0.5859368517269217,0.25,0.75,0.0,0.42857142857142855,0.42857142857142855,0.14285714285714285
402,False,18,9,83,37,851,571,47.27777777777778,63.44444444444444,39,27,0.5457086957218925,0.6888916795028119,0.37349397590361444,0.5421686746987951,0.08433734939759036,0.5135135135135135,0.3783783783783784,0.10810810810810811
403,True,10,9,59,65,800,964,80.0,107.11111111111111,26,41,0.6735531786429731,0.779824526363026,0.3898305084745763,0.4067796610169492,0.2033898305084746,0.5076923076923077,0.3230769230769231,0.16923076923076924
404,False,6,6,24,8,332,127,55.333333333333336,21.166666666666668,10,6,0.6869969729688608,0.6301920779926767,0.5833333333333334,0.2916666666666667,0.125,0.625,0.375,0.0
405,False,4,9,12,69,154,1242,38.5,138.0,4,37,0.7023790806377737,0.8324417744203756,0.4166666666666667,0.3333333333333333,0.25,0.5652173913043478,0.2898550724637681,0.14492753623188406
406,True,14,13,135,127,1994,2385,142.42857142857142,183.46153846153845,47,58,0.6910326945781896,0.6988908542437647,0.5481481481481482,0.2814814814814815,0.17037037037037037,0.4251968503937008,0.2755905511811024,0.2992125984251969
407,True,13,9,48,61,607,923,46.69230769230769,102.55555555555556,25,37,0.7407395295082614,0.6460644316451196,0.5416666666666666,0.3125,0.14583333333333334,0.4426229508196721,0.3770491803278688,0.18032786885245902
408,True,28,21,184,173,2308,3016,82.42857142857143,143.61904761904762,71,72,0.5804378740073404,0.5355236171975519,0.44565217391304346,0.41847826086956524,0.1358695652173913,0.5780346820809249,0.26011560693641617,0.16184971098265896
409,True,21,19,108,83,971,899,46.23809523809524,47.31578947368421,46,42,0.4930993325041472,0.4611770560122735,0.28703703703703703,0.5277777777777778,0.18518518518518517,0.5421686746987951,0.3132530120481928,0.14457831325301204
